{"n":5,"obj":5.0753631591796875,"tiempo":0.5136158,"x":[0.8599050045013428,0.8878239989280701,0.9436619877815247,0.971580982208252,0.9994999766349792],"y":[12.432999610900879,12.432999610900879,15.70097827911377,15.70097827911377,25.504911422729492]}
