{"n":5,"obj":2.8944997787475586,"tiempo":0.0357308,"x":[0.0,0.20000000298023224,0.4000000059604645,0.800000011920929,1.0],"y":[0.20000000298023224,0.6000000238418579,0.6000000238418579,0.800000011920929,1.0]}
