{"n":5,"obj":0.0,"tiempo":0.1066124,"x":[0.0,1.2000000476837158,1.7999999523162842,2.4000000953674316,3.0],"y":[0.0,1.2000000476837158,3.0,3.0,0.0]}
