{"n":5,"obj":158.82899475097656,"tiempo":218.1047857,"x":[0.0,17220.0,34440.0,68880.0,86100.0],"y":[703.0,703.0,877.0,877.0,703.0]}
