{"n":5,"obj":0.0,"tiempo":266.7269655,"x":[0.0,0.6000000238418579,1.7999999523162842,2.4000000953674316,3.0],"y":[0.0,0.0,3.0,3.0,0.0]}
