{"n": 10, "x": [0.0, 9566.666666666666, 19133.333333333332, 28700.0, 38266.666666666664, 47833.33333333333, 57400.0, 66966.66666666666, 76533.33333333333, 86100.0], "y": [703.0, 703.0, 703.0, 993.0, 944.6666666666667, 799.6666666666666, 896.3333333333334, 896.3333333333334, 751.3333333333334, 751.3333333333334], "obj": 10204.821}