{"n": 5, "x": [0.0, 0.16666666666666666, 0.5, 0.8333333333333333, 1.0], "y": [0.16666666666666666, 0.5, 0.6666666666666666, 0.8333333333333333, 1.0], "obj": 0.617}