{"n": 4, "x": [0.859905, 0.8754155555555556, 0.9839894444444445, 0.9995], "y": [12.433, 12.433, 17.87963, 26.957346666666666], "obj": 9.469}