{"n": 2, "x": [0.2, 0.4, 0.6000000000000001, 0.8, 1.0], "y": [0.6000000000000001, 0.6000000000000001, 0.8, 0.8, 1.0], "obj": 0.452}