{"n": 6, "x": [0.859905, 0.8831708333333333, 0.9297025000000001, 0.9529683333333334, 0.9762341666666667, 0.9995], "y": [12.433, 12.433, 15.156315, 17.87963, 17.87963, 26.049574999999997], "obj": 12.682}