{"n": 5, "x": [0.0, 19133.333333333332, 28700.0, 66966.66666666666, 86100.0], "y": [751.3333333333334, 703.0, 896.3333333333334, 848.0, 703.0], "obj": 12912.46}