{"n": 5, "x": [0.859905, 0.8878240000000001, 0.9157430000000001, 0.943662, 0.971581], "y": [12.433, 12.433, 15.700978, 15.700978, 18.968956], "obj": 4.094709410652218}